Tecnica,Epoca,Acuracia,Loss,Tempo(s)
Sem Aug,1,25.19,2.1205670177936553,2.3763105869293213
Sem Aug,2,35.13,1.80055872797966,1.5547902584075928
Sem Aug,3,35.56,1.61142338514328,1.4984829425811768
Sem Aug,4,39.24,1.4116839945316315,1.534447193145752
Sem Aug,5,40.65,1.24461869597435,1.513679027557373
Sem Aug,6,43.79,1.1166405618190764,1.6099720001220703
Sem Aug,7,42.8,0.9883670449256897,2.0448896884918213
Sem Aug,8,43.61,0.815779647231102,1.648022174835205
Sem Aug,9,42.81,0.6574081748723983,1.4964039325714111
Sem Aug,10,43.91,0.5958188772201538,1.6520917415618896
Sem Aug,11,44.67,0.42613629102706907,3.5804531574249268
Sem Aug,12,44.17,0.33165518641471864,3.757208824157715
Sem Aug,13,44.02,0.24312582984566689,1.7983458042144775
Sem Aug,14,44.25,0.18644105456769466,1.6299972534179688
Sem Aug,15,44.26,0.1510184656828642,1.6981298923492432
Sem Aug,16,44.02,0.09896640423685313,1.661484956741333
Sem Aug,17,45.17,0.05878181252628565,1.6224560737609863
Sem Aug,18,45.19,0.0371438100002706,1.6093380451202393
Sem Aug,19,45.34,0.02271751845255494,1.603672981262207
Sem Aug,20,45.48,0.016096202237531543,1.5946159362792969
Sem Aug,21,44.95,0.011412681778892875,2.996389865875244
Sem Aug,22,45.48,0.009041541884653271,2.172722101211548
Sem Aug,23,45.63,0.007632194529287517,1.9646999835968018
Sem Aug,24,45.54,0.006595894345082343,1.6763336658477783
Sem Aug,25,45.2,0.0055558016989380125,1.5852649211883545
RandAug,1,27.99,2.2589846730232237,5.2732861042022705
RandAug,2,32.18,2.060500258207321,2.5466039180755615
RandAug,3,36.85,1.9443895101547242,1.9198858737945557
RandAug,4,39.46,1.8184597611427307,1.8235361576080322
RandAug,5,40.38,1.7387807071208954,1.7975890636444092
RandAug,6,40.81,1.657195794582367,1.7748289108276367
RandAug,7,44.98,1.5947304904460906,1.7666358947753906
RandAug,8,44.58,1.5571770131587983,1.768869161605835
RandAug,9,45.87,1.4700989127159119,1.7454509735107422
RandAug,10,46.44,1.4393760204315185,1.799663782119751
RandAug,11,46.02,1.3677889704704285,1.7681539058685303
RandAug,12,45.0,1.3705914974212647,1.7609362602233887
RandAug,13,46.74,1.2689805209636689,1.779350757598877
RandAug,14,48.19,1.251659134030342,1.8219640254974365
RandAug,15,48.92,1.1789477735757827,1.8409860134124756
RandAug,16,50.26,1.1269483804702758,1.845393180847168
RandAug,17,47.2,1.1354994773864746,1.7663519382476807
RandAug,18,49.1,1.0865410953760146,1.8565728664398193
RandAug,19,47.25,1.0383730828762054,1.7885050773620605
RandAug,20,48.93,1.0189826846122743,1.8076131343841553
RandAug,21,49.99,0.906104788184166,1.8465430736541748
RandAug,22,51.17,0.9005812406539917,1.769477128982544
RandAug,23,51.03,0.9060996502637864,1.77012300491333
RandAug,24,50.68,0.8742054253816605,1.8221309185028076
RandAug,25,50.31,0.8049323737621308,1.8011798858642578
Trivial,1,23.93,2.2600494861602782,1.857302188873291
Trivial,2,28.27,2.149895119667053,1.732461929321289
Trivial,3,32.41,2.0304376065731047,1.7714972496032715
Trivial,4,36.89,1.9797376334667205,1.8826639652252197
Trivial,5,35.82,1.9051870048046111,1.7396419048309326
Trivial,6,38.97,1.8475550293922425,1.7152068614959717
Trivial,7,39.84,1.8053596019744873,1.708392858505249
Trivial,8,42.06,1.6774888455867767,1.70438814163208
Trivial,9,40.91,1.6785561919212342,1.6894428730010986
Trivial,10,44.18,1.6612366080284118,1.7470920085906982
Trivial,11,44.5,1.5473135471343995,1.715017318725586
Trivial,12,45.02,1.5202702522277831,1.6754851341247559
Trivial,13,46.12,1.4861781299114227,1.6662468910217285
Trivial,14,45.03,1.4262769758701324,1.7090859413146973
Trivial,15,45.85,1.3864601135253907,1.680830955505371
Trivial,16,47.22,1.3633865356445312,1.6918120384216309
Trivial,17,43.07,1.3427933633327485,1.946000099182129
Trivial,18,47.01,1.324862188100815,2.004072904586792
Trivial,19,47.1,1.1992669463157655,1.7049510478973389
Trivial,20,47.96,1.1780157417058945,1.6887152194976807
Trivial,21,46.74,1.1486743241548538,1.6892979145050049
Trivial,22,48.34,1.120322322845459,1.6925678253173828
Trivial,23,48.31,1.1710713684558869,1.715912103652954
Trivial,24,48.36,1.1328416645526886,1.7069189548492432
Trivial,25,46.37,1.015688309073448,1.7020020484924316
AugMix,1,21.06,2.142543613910675,4.1781392097473145
AugMix,2,32.31,1.892239785194397,3.712033748626709
AugMix,3,40.43,1.7081297039985657,3.7953431606292725
AugMix,4,40.35,1.542357337474823,3.6772589683532715
AugMix,5,42.85,1.4436600089073182,3.6649179458618164
AugMix,6,43.55,1.2914321899414063,3.653599977493286
AugMix,7,44.83,1.1989067584276198,3.884279727935791
AugMix,8,45.87,1.1231999188661574,3.6828980445861816
AugMix,9,46.1,0.9922330528497696,3.689512014389038
AugMix,10,47.12,0.9042571812868119,3.6870951652526855
AugMix,11,48.44,0.8007565468549729,3.6394171714782715
AugMix,12,48.51,0.7607784867286682,3.641815662384033
AugMix,13,48.06,0.7095052868127822,3.7601511478424072
AugMix,14,48.24,0.6402030646800995,3.6955089569091797
AugMix,15,48.26,0.5889525830745697,3.679720163345337
AugMix,16,47.57,0.5928408607840538,3.764993190765381
AugMix,17,48.01,0.5545268088579178,3.671060085296631
AugMix,18,49.03,0.5419070720672607,3.8855361938476562
AugMix,19,48.59,0.5241628468036652,3.750183343887329
AugMix,20,48.59,0.48102193623781203,3.7484898567199707
AugMix,21,47.83,0.5058690026402474,3.8535287380218506
AugMix,22,48.93,0.4049184903502464,3.639134168624878
AugMix,23,49.27,0.4652400895953178,3.8104448318481445
AugMix,24,49.19,0.43142287731170653,3.7285032272338867
AugMix,25,47.32,0.39907709658145907,3.6244070529937744
Albument,1,23.22,2.209007942676544,1.6377882957458496
Albument,2,33.5,1.9907300889492034,1.6056699752807617
Albument,3,35.38,1.8657649219036103,1.5939648151397705
Albument,4,37.38,1.7526070952415467,1.6009407043457031
Albument,5,39.13,1.608633691072464,1.5988049507141113
Albument,6,42.07,1.5308468163013458,1.8325979709625244
Albument,7,44.24,1.4576274573802948,1.6478588581085205
Albument,8,45.98,1.3713525176048278,1.6177260875701904
Albument,9,44.74,1.366762137413025,1.6004271507263184
Albument,10,46.01,1.2983616471290589,1.573880672454834
Albument,11,47.39,1.2186006546020507,1.6361680030822754
Albument,12,47.0,1.2256636828184129,1.5990228652954102
Albument,13,47.37,1.1624837607145309,1.6041829586029053
Albument,14,48.29,1.1113360553979874,2.0605921745300293
Albument,15,49.42,1.0651623994112014,1.81076979637146
Albument,16,49.45,1.0480587214231492,1.6665949821472168
Albument,17,49.77,0.9759137213230134,1.6007721424102783
Albument,18,48.82,0.9426363438367844,1.5911600589752197
Albument,19,50.79,0.910576868057251,1.70001220703125
Albument,20,49.77,0.8475084722042083,1.6723599433898926
Albument,21,48.93,0.8485499769449234,1.664769172668457
Albument,22,51.12,0.7514947921037674,1.712480068206787
Albument,23,50.02,0.7170794636011124,1.624743938446045
Albument,24,49.89,0.7286808729171753,1.6109249591827393
Albument,25,50.52,0.6752744495868683,1.6034669876098633
CutMix,1,26.41,2.243492531776428,1.7142469882965088
CutMix,2,33.9,2.120863300561905,1.5690898895263672
CutMix,3,36.35,2.0197441220283507,1.584502935409546
CutMix,4,38.7,1.9524470150470734,1.6321930885314941
CutMix,5,39.73,1.884908801317215,1.5768671035766602
CutMix,6,40.93,1.8440300166606902,1.5837938785552979
CutMix,7,42.69,1.894073909521103,1.5870130062103271
CutMix,8,42.86,1.8934226989746095,1.5660152435302734
CutMix,9,41.94,1.6969507157802581,1.5730979442596436
CutMix,10,45.48,1.823231041431427,1.5980212688446045
CutMix,11,45.32,1.5912921011447907,1.5811491012573242
CutMix,12,45.36,1.5422338545322418,1.6108920574188232
CutMix,13,45.67,1.5899531841278076,1.5887670516967773
CutMix,14,42.42,1.5978448688983917,1.59499192237854
CutMix,15,46.87,1.5386592328548432,1.5750210285186768
CutMix,16,45.9,1.5085874646902084,1.5916810035705566
CutMix,17,46.81,1.3790975242853165,1.565953016281128
CutMix,18,46.63,1.547476351261139,1.576336145401001
CutMix,19,47.86,1.3106533676385879,1.5627799034118652
CutMix,20,46.72,1.4372914612293244,1.5546338558197021
CutMix,21,47.44,1.3390981197357177,1.5627830028533936
CutMix,22,46.65,1.3889925062656403,1.572871208190918
CutMix,23,47.07,1.2756347060203552,1.573441982269287
CutMix,24,46.68,1.4095780313014985,1.5684659481048584
CutMix,25,48.41,1.3098177105188369,1.5850319862365723
Rand->Albument,1,28.14,2.2790934562683107,1.895390272140503
Rand->Albument,2,32.42,2.1088595151901246,1.9820988178253174
Rand->Albument,3,34.15,2.0119679152965544,1.949540138244629
Rand->Albument,4,38.12,1.9124686956405639,1.8615450859069824
Rand->Albument,5,38.57,1.833866947889328,1.774418830871582
Rand->Albument,6,39.69,1.7783957242965698,1.812669038772583
Rand->Albument,7,42.73,1.7051808714866639,1.7894189357757568
Rand->Albument,8,42.53,1.67573282122612,1.7930748462677002
Rand->Albument,9,42.65,1.644796508550644,1.7719168663024902
Rand->Albument,10,44.38,1.6376386404037475,1.9180588722229004
Rand->Albument,11,46.34,1.5948166072368621,1.7811799049377441
Rand->Albument,12,47.13,1.590891969203949,1.8002469539642334
Rand->Albument,13,48.06,1.5169928789138794,1.7549381256103516
Rand->Albument,14,47.83,1.4916023135185241,1.7885088920593262
Rand->Albument,15,48.2,1.4676382958889007,1.8311138153076172
Rand->Albument,16,47.37,1.43852037191391,1.7702758312225342
Rand->Albument,17,47.25,1.475259643793106,1.7935397624969482
Rand->Albument,18,48.11,1.4013927757740021,1.756115198135376
Rand->Albument,19,48.85,1.3830235123634338,1.7973530292510986
Rand->Albument,20,50.48,1.3488185405731201,2.031824827194214
Rand->Albument,21,51.25,1.3291814625263214,1.8932318687438965
Rand->Albument,22,50.09,1.3244233787059785,1.7988758087158203
Rand->Albument,23,52.08,1.3138723075389862,1.775773048400879
Rand->Albument,24,51.79,1.3015988051891327,1.8055322170257568
Rand->Albument,25,52.83,1.2689380317926406,1.9304649829864502
Rand->AugMix,1,27.54,2.244146227836609,3.4309048652648926
Rand->AugMix,2,29.8,2.05806679725647,2.8239259719848633
Rand->AugMix,3,33.28,1.9735302329063416,2.6704609394073486
Rand->AugMix,4,34.78,1.88264319896698,2.6755001544952393
Rand->AugMix,5,36.38,1.7922564268112182,2.604412078857422
Rand->AugMix,6,42.21,1.7380932033061982,2.6298487186431885
Rand->AugMix,7,43.1,1.6663461983203889,2.585782051086426
Rand->AugMix,8,43.14,1.6314299643039702,2.631671667098999
Rand->AugMix,9,42.57,1.5776457369327546,2.5699639320373535
Rand->AugMix,10,43.97,1.5073043406009674,2.5722811222076416
Rand->AugMix,11,44.01,1.4675815939903258,2.7914109230041504
Rand->AugMix,12,46.94,1.4431674301624298,2.788240909576416
Rand->AugMix,13,47.0,1.3997095704078675,2.651895046234131
Rand->AugMix,14,47.89,1.3340737998485566,2.7854137420654297
Rand->AugMix,15,47.13,1.308637899160385,2.7494828701019287
Rand->AugMix,16,47.66,1.284829717874527,2.5826451778411865
Rand->AugMix,17,48.27,1.2628433167934419,2.5488598346710205
Rand->AugMix,18,48.27,1.2429006099700928,2.5233001708984375
Rand->AugMix,19,48.7,1.175093200802803,2.5341408252716064
Rand->AugMix,20,49.15,1.1196373522281646,2.708036184310913
Rand->AugMix,21,48.15,1.1718829929828645,2.550368070602417
Rand->AugMix,22,48.94,1.1172453969717027,2.5052378177642822
Rand->AugMix,23,50.16,1.092043486237526,2.5202219486236572
Rand->AugMix,24,49.84,1.0076609671115875,2.590955972671509
Rand->AugMix,25,49.21,1.0294290751218795,2.5651230812072754
Rand->CutMix,1,19.29,2.289514923095703,1.7223889827728271
Rand->CutMix,2,28.1,2.2160314440727236,1.762195110321045
Rand->CutMix,3,28.34,2.188460922241211,1.7198870182037354
Rand->CutMix,4,33.96,2.1312529027462004,1.7449548244476318
Rand->CutMix,5,35.16,2.125416612625122,1.720654010772705
Rand->CutMix,6,32.81,2.0538871943950654,1.7424073219299316
Rand->CutMix,7,36.09,2.1124553203582765,1.800339937210083
Rand->CutMix,8,39.82,2.071920120716095,1.7249362468719482
Rand->CutMix,9,40.2,2.030967706441879,1.754939079284668
Rand->CutMix,10,39.38,2.021417182683945,1.7099649906158447
Rand->CutMix,11,40.39,2.013969969749451,1.737678050994873
Rand->CutMix,12,41.87,1.9968381226062775,1.7294490337371826
Rand->CutMix,13,43.0,1.9867126524448395,1.7012159824371338
Rand->CutMix,14,39.54,1.9792835116386414,1.7362627983093262
Rand->CutMix,15,42.4,1.9532390654087066,1.706282138824463
Rand->CutMix,16,44.08,1.9508284628391266,1.796435832977295
Rand->CutMix,17,43.66,1.8643534541130067,1.7578997611999512
Rand->CutMix,18,43.58,1.9260399639606476,1.8116741180419922
Rand->CutMix,19,44.33,1.8671532332897187,1.7527248859405518
Rand->CutMix,20,44.94,1.8708179295063019,1.8116579055786133
Rand->CutMix,21,44.89,1.872095173597336,1.776332139968872
Rand->CutMix,22,45.59,1.7935084700584412,1.7465450763702393
Rand->CutMix,23,45.76,1.8810226619243622,1.737287998199463
Rand->CutMix,24,45.87,1.7352744936943054,1.7363080978393555
Rand->CutMix,25,46.61,1.850566828250885,1.7324018478393555
Trivial->Albument,1,24.98,2.2915178298950196,1.745699167251587
Trivial->Albument,2,26.79,2.1822153091430665,1.7344791889190674
Trivial->Albument,3,29.6,2.0903024196624758,1.9316301345825195
Trivial->Albument,4,33.43,2.0545089840888977,1.8091919422149658
Trivial->Albument,5,33.05,1.9764654159545898,1.739149808883667
Trivial->Albument,6,38.87,1.978474634885788,1.7339420318603516
Trivial->Albument,7,38.54,1.8972772061824799,1.731816291809082
Trivial->Albument,8,40.95,1.859583753347397,1.7278032302856445
Trivial->Albument,9,40.87,1.8471155524253846,1.7358379364013672
Trivial->Albument,10,43.29,1.772284871339798,1.7253036499023438
Trivial->Albument,11,40.9,1.7910358309745789,1.7264750003814697
Trivial->Albument,12,44.37,1.765643060207367,1.7534599304199219
Trivial->Albument,13,43.67,1.7612719774246215,1.735177993774414
Trivial->Albument,14,45.08,1.697402971982956,1.7291018962860107
Trivial->Albument,15,45.75,1.6784509420394897,1.722533941268921
Trivial->Albument,16,46.93,1.6655003666877746,1.7091779708862305
Trivial->Albument,17,45.48,1.6502711772918701,1.7972018718719482
Trivial->Albument,18,46.4,1.6671803176403046,1.769742727279663
Trivial->Albument,19,46.54,1.6278855741024016,1.7269151210784912
Trivial->Albument,20,47.18,1.5906603634357452,1.7267301082611084
Trivial->Albument,21,47.46,1.5557720899581908,1.717022180557251
Trivial->Albument,22,47.21,1.5750638961791992,1.7251777648925781
Trivial->Albument,23,47.78,1.5597886264324188,1.7283611297607422
Trivial->Albument,24,48.48,1.527931034564972,1.727888822555542
Trivial->Albument,25,47.2,1.5049795091152192,1.7358670234680176
Trivial->AugMix,1,26.83,2.256215453147888,2.493346691131592
Trivial->AugMix,2,27.8,2.1059599936008455,2.4998159408569336
Trivial->AugMix,3,34.62,2.0280558824539185,2.4943249225616455
Trivial->AugMix,4,35.69,1.9360640347003937,2.554335832595825
Trivial->AugMix,5,38.49,1.8818813264369965,2.5278379917144775
Trivial->AugMix,6,39.3,1.839282101392746,2.473670721054077
Trivial->AugMix,7,39.83,1.7937468111515045,2.4318718910217285
Trivial->AugMix,8,42.29,1.7751874327659607,2.53049373626709
Trivial->AugMix,9,43.14,1.7481785476207734,2.4584879875183105
Trivial->AugMix,10,44.2,1.6909252226352691,2.4492249488830566
Trivial->AugMix,11,44.5,1.5982726573944093,2.462885856628418
Trivial->AugMix,12,42.94,1.6459129929542542,2.452529191970825
Trivial->AugMix,13,43.7,1.6085217773914338,2.4614930152893066
Trivial->AugMix,14,43.3,1.5700749218463899,2.447707176208496
Trivial->AugMix,15,45.16,1.5362957239151,2.4668920040130615
Trivial->AugMix,16,47.83,1.5338723003864287,2.59013295173645
Trivial->AugMix,17,47.41,1.4944739937782288,2.517775058746338
Trivial->AugMix,18,47.43,1.3955142855644227,3.3161280155181885
Trivial->AugMix,19,48.35,1.4162329852581024,2.9512929916381836
Trivial->AugMix,20,48.28,1.365790331363678,2.8917219638824463
Trivial->AugMix,21,47.09,1.3484383165836333,2.5456910133361816
Trivial->AugMix,22,46.89,1.3438742756843567,2.4965219497680664
Trivial->AugMix,23,46.39,1.3240915179252624,2.4870200157165527
Trivial->AugMix,24,47.84,1.2776464700698853,2.5152268409729004
Trivial->AugMix,25,49.13,1.2568304538726807,2.4996938705444336
Trivial->CutMix,1,25.42,2.3013448238372805,1.7226347923278809
Trivial->CutMix,2,24.93,2.2558337926864622,1.7293989658355713
Trivial->CutMix,3,30.82,2.2262153029441833,1.7325170040130615
Trivial->CutMix,4,33.38,2.181745743751526,1.6887321472167969
Trivial->CutMix,5,31.41,2.155180585384369,1.6907188892364502
Trivial->CutMix,6,37.66,2.102488797903061,1.6950619220733643
Trivial->CutMix,7,38.35,2.110443192720413,1.716425895690918
Trivial->CutMix,8,38.97,2.0829803705215455,1.7306013107299805
Trivial->CutMix,9,40.67,2.0563674449920653,1.815040111541748
Trivial->CutMix,10,39.06,2.0417339861392976,1.977484941482544
Trivial->CutMix,11,41.48,2.0533297777175905,1.7420332431793213
Trivial->CutMix,12,42.54,1.986318051815033,1.7686488628387451
Trivial->CutMix,13,42.6,2.030902534723282,2.0182247161865234
Trivial->CutMix,14,42.99,2.001438397169113,1.760113000869751
Trivial->CutMix,15,44.13,1.9722037076950074,2.936422348022461
Trivial->CutMix,16,43.86,2.015442132949829,2.289348840713501
Trivial->CutMix,17,44.12,1.9632296562194824,2.0074267387390137
Trivial->CutMix,18,42.83,1.9305342733860016,2.01004695892334
Trivial->CutMix,19,44.74,1.9118686199188233,1.7763590812683105
Trivial->CutMix,20,43.07,1.9324310719966888,1.9622471332550049
Trivial->CutMix,21,46.03,1.9092408418655396,1.8272731304168701
Trivial->CutMix,22,45.61,1.9002193808555603,1.7270689010620117
Trivial->CutMix,23,43.32,1.97417032122612,1.8604578971862793
Trivial->CutMix,24,46.42,1.9367970466613769,2.0135457515716553
Trivial->CutMix,25,45.87,1.8525300562381743,2.0530807971954346
Albument->CutMix,1,24.38,2.248113691806793,1.7047200202941895
Albument->CutMix,2,30.54,2.0891739428043365,1.5943970680236816
Albument->CutMix,3,32.72,2.088192254304886,1.6416449546813965
Albument->CutMix,4,38.26,2.028987765312195,1.6307640075683594
Albument->CutMix,5,38.35,1.9840267181396485,1.5952303409576416
Albument->CutMix,6,36.22,2.006852787733078,1.597632884979248
Albument->CutMix,7,41.47,1.9849366784095763,1.5994019508361816
Albument->CutMix,8,41.69,1.9050026178359984,1.667550802230835
Albument->CutMix,9,44.73,1.8560197472572326,1.6168529987335205
Albument->CutMix,10,42.99,1.844858056306839,1.615962266921997
Albument->CutMix,11,44.85,1.869952630996704,1.6098709106445312
Albument->CutMix,12,45.41,1.8258484184741974,1.675623893737793
Albument->CutMix,13,46.71,1.8492977380752564,1.5696830749511719
Albument->CutMix,14,46.03,1.8992749214172364,1.6358330249786377
Albument->CutMix,15,45.17,1.8690570414066314,1.6100859642028809
Albument->CutMix,16,46.87,1.7952812969684602,1.6778430938720703
Albument->CutMix,17,46.21,1.7531445443630218,1.6634278297424316
Albument->CutMix,18,48.02,1.7852138698101043,1.9741051197052002
Albument->CutMix,19,45.47,1.8203857779502868,1.7072031497955322
Albument->CutMix,20,49.68,1.7702561438083648,1.6006901264190674
Albument->CutMix,21,48.06,1.8201525688171387,1.9930379390716553
Albument->CutMix,22,48.22,1.724998563528061,1.6993408203125
Albument->CutMix,23,48.97,1.7365769147872925,1.649289846420288
Albument->CutMix,24,48.27,1.7059981167316436,1.694422960281372
Albument->CutMix,25,49.21,1.6764138758182525,1.6224918365478516
AugMix->CutMix,1,24.47,2.263745200634003,2.729828119277954
AugMix->CutMix,2,29.72,2.162432688474655,2.3727638721466064
AugMix->CutMix,3,31.7,2.070302075147629,2.4458320140838623
AugMix->CutMix,4,34.81,2.063488280773163,2.45766019821167
AugMix->CutMix,5,36.54,1.9935815811157227,2.416156053543091
AugMix->CutMix,6,37.01,1.9422348380088805,2.747652769088745
AugMix->CutMix,7,41.26,1.896689784526825,2.7033262252807617
AugMix->CutMix,8,40.57,1.9070665180683135,2.835397243499756
AugMix->CutMix,9,40.38,1.8821072638034821,2.5458831787109375
AugMix->CutMix,10,42.25,1.8564716219902038,2.5626680850982666
AugMix->CutMix,11,42.44,1.846172046661377,2.9132649898529053
AugMix->CutMix,12,44.83,1.7941836953163146,2.798823118209839
AugMix->CutMix,13,44.72,1.7656938135623932,2.538673162460327
AugMix->CutMix,14,44.91,1.7774002969264984,2.6287600994110107
AugMix->CutMix,15,45.72,1.738435685634613,2.555692195892334
AugMix->CutMix,16,44.32,1.7448306560516358,2.4824249744415283
AugMix->CutMix,17,46.43,1.673121416568756,2.425668716430664
AugMix->CutMix,18,44.73,1.6118064284324647,2.60794997215271
AugMix->CutMix,19,47.19,1.6146545171737672,2.471312999725342
AugMix->CutMix,20,47.16,1.6303067326545715,2.541774034500122
AugMix->CutMix,21,45.41,1.5649665474891663,2.4854979515075684
AugMix->CutMix,22,46.0,1.5735067188739777,2.597882032394409
AugMix->CutMix,23,45.9,1.4207870095968247,2.4490890502929688
AugMix->CutMix,24,45.62,1.4543597877025605,2.501377582550049
AugMix->CutMix,25,46.07,1.5001369804143905,2.6280128955841064
Albument->Rand,1,27.33,2.176231014728546,1.7512590885162354
Albument->Rand,2,33.0,1.937495267391205,1.688669204711914
Albument->Rand,3,37.45,1.8110606789588928,1.7864389419555664
Albument->Rand,4,38.05,1.688270342350006,1.7596337795257568
Albument->Rand,5,41.23,1.6075754404067992,1.687126636505127
Albument->Rand,6,43.15,1.5227225959300994,1.7535450458526611
Albument->Rand,7,43.63,1.4613824307918548,1.6736280918121338
Albument->Rand,8,43.48,1.403640478849411,2.0361499786376953
Albument->Rand,9,45.83,1.3288179278373717,1.6926770210266113
Albument->Rand,10,45.31,1.3048945248126984,1.6001830101013184
Albument->Rand,11,46.5,1.2545356810092927,1.587287187576294
Albument->Rand,12,44.45,1.2216207414865494,1.6287291049957275
Albument->Rand,13,48.24,1.218184804916382,1.718062162399292
Albument->Rand,14,48.0,1.0768461883068086,1.668287992477417
Albument->Rand,15,49.22,1.0352990180253983,2.477786064147949
Albument->Rand,16,49.08,0.9631667613983155,1.857917070388794
Albument->Rand,17,49.51,0.9376962423324585,1.8991820812225342
Albument->Rand,18,50.58,0.8809073507785797,1.687831163406372
Albument->Rand,19,50.12,0.8671348929405213,1.6974740028381348
Albument->Rand,20,49.08,0.8137957811355591,1.755551815032959
Albument->Rand,21,47.56,0.7607286751270295,1.6010749340057373
Albument->Rand,22,49.15,0.7732389539480209,1.6458368301391602
Albument->Rand,23,50.75,0.7202903792262078,1.746572732925415
Albument->Rand,24,50.39,0.700302031636238,1.8234682083129883
Albument->Rand,25,50.99,0.6349500700831413,1.7281720638275146
AugMix->Rand,1,30.54,2.1550958096981048,3.2871739864349365
AugMix->Rand,2,33.62,1.8709655821323394,3.106624126434326
AugMix->Rand,3,38.15,1.7009873688220978,2.515516996383667
AugMix->Rand,4,41.34,1.5185974955558776,2.435508966445923
AugMix->Rand,5,42.04,1.4157840430736541,2.3384439945220947
AugMix->Rand,6,40.57,1.3551250517368316,2.4366559982299805
AugMix->Rand,7,42.6,1.242280650138855,2.5384938716888428
AugMix->Rand,8,44.57,1.0887503534555436,2.4252068996429443
AugMix->Rand,9,45.16,1.0029037177562714,2.3876900672912598
AugMix->Rand,10,44.54,0.866848549246788,2.371946096420288
AugMix->Rand,11,45.96,0.7746306240558625,2.4396491050720215
AugMix->Rand,12,45.42,0.6843659102916717,2.3612358570098877
AugMix->Rand,13,46.04,0.6382660359144211,2.3379149436950684
AugMix->Rand,14,44.19,0.5193666607141495,2.435575008392334
AugMix->Rand,15,46.23,0.4353561192750931,2.404412031173706
AugMix->Rand,16,44.98,0.3940135732293129,2.399332046508789
AugMix->Rand,17,45.94,0.2969514958560467,2.398264169692993
AugMix->Rand,18,47.17,0.28406974002718927,2.3997461795806885
AugMix->Rand,19,43.9,0.25209798514842985,3.1192400455474854
AugMix->Rand,20,45.56,0.29975079372525215,2.5140509605407715
AugMix->Rand,21,44.49,0.22327926754951477,2.3704988956451416
AugMix->Rand,22,45.38,0.23719806000590324,2.3610658645629883
AugMix->Rand,23,46.41,0.1847608581185341,2.354503870010376
AugMix->Rand,24,45.95,0.16637851297855377,2.551738977432251
AugMix->Rand,25,44.79,0.16566434688866138,2.3663320541381836
Albument->Trivial,1,25.82,2.185839557647705,1.6195898056030273
Albument->Trivial,2,36.77,1.908394354581833,1.6081998348236084
Albument->Trivial,3,40.42,1.7130515038967133,1.5988242626190186
Albument->Trivial,4,38.27,1.618268471956253,1.6136631965637207
Albument->Trivial,5,43.81,1.5657098829746245,1.6289098262786865
Albument->Trivial,6,40.29,1.450687289237976,1.597141981124878
Albument->Trivial,7,46.53,1.3877230346202851,1.690096139907837
Albument->Trivial,8,46.06,1.3355937659740449,1.6958646774291992
Albument->Trivial,9,46.25,1.2763992726802826,1.6971850395202637
Albument->Trivial,10,47.44,1.2201917946338654,1.5983023643493652
Albument->Trivial,11,46.18,1.168178704380989,1.5809638500213623
Albument->Trivial,12,48.81,1.1697471350431443,1.767915964126587
Albument->Trivial,13,47.83,1.0744915843009948,1.8135700225830078
Albument->Trivial,14,48.91,1.0235519647598266,1.5908870697021484
Albument->Trivial,15,49.68,0.9450736463069915,1.6887691020965576
Albument->Trivial,16,50.25,0.8994182378053666,1.6411998271942139
Albument->Trivial,17,50.87,0.8398578137159347,1.5941953659057617
Albument->Trivial,18,49.77,0.7968690276145936,1.6517298221588135
Albument->Trivial,19,50.62,0.7627938687801361,1.5950901508331299
Albument->Trivial,20,51.43,0.7332825630903244,1.5969159603118896
Albument->Trivial,21,50.68,0.7254048943519592,1.5981378555297852
Albument->Trivial,22,48.3,0.6542163148522377,1.5968477725982666
Albument->Trivial,23,51.17,0.6786179155111313,1.6280760765075684
Albument->Trivial,24,51.24,0.6195806607604026,1.5887517929077148
Albument->Trivial,25,52.13,0.5715729042887687,1.7545311450958252
AugMix->Trivial,1,31.38,2.146887642145157,2.396651029586792
AugMix->Trivial,2,31.45,1.8117439031600953,2.4898197650909424
AugMix->Trivial,3,39.49,1.6393973529338837,3.0376179218292236
AugMix->Trivial,4,41.36,1.463621085882187,2.410606861114502
AugMix->Trivial,5,40.11,1.3209726154804229,3.1581220626831055
AugMix->Trivial,6,42.93,1.2431589722633363,2.725804090499878
AugMix->Trivial,7,43.78,1.1184200882911681,2.7085797786712646
AugMix->Trivial,8,44.52,0.9763020724058151,2.4137938022613525
AugMix->Trivial,9,43.34,0.8501064568758011,3.0278801918029785
AugMix->Trivial,10,45.03,0.7626433938741684,3.21246075630188
AugMix->Trivial,11,43.95,0.714275348186493,2.5530941486358643
AugMix->Trivial,12,43.99,0.589433716237545,2.3831968307495117
AugMix->Trivial,13,46.88,0.4972536966204643,3.714768886566162
AugMix->Trivial,14,43.81,0.37622620686888697,2.9577062129974365
AugMix->Trivial,15,45.99,0.34405103623867034,3.297546863555908
AugMix->Trivial,16,45.81,0.2671426601707935,2.75978422164917
AugMix->Trivial,17,45.46,0.24779896810650826,3.2992920875549316
AugMix->Trivial,18,44.32,0.25574940294027326,2.797739028930664
AugMix->Trivial,19,45.99,0.2429727390408516,2.5715858936309814
AugMix->Trivial,20,45.04,0.21816878877580165,2.4975318908691406
AugMix->Trivial,21,44.34,0.19951894581317903,2.7411859035491943
AugMix->Trivial,22,44.49,0.18778516463935374,2.4781010150909424
AugMix->Trivial,23,45.52,0.17435645647346973,2.453850030899048
AugMix->Trivial,24,45.25,0.15998452790081502,2.5990519523620605
AugMix->Trivial,25,46.11,0.1586031023412943,2.4444618225097656
Rand+Trivial (metades),1,26.73,2.2660603761672973,2.0257370471954346
Rand+Trivial (metades),2,31.64,2.067838025093079,1.9601202011108398
Rand+Trivial (metades),3,34.83,1.9887351274490357,1.7795701026916504
Rand+Trivial (metades),4,38.89,1.900685852766037,1.8244106769561768
Rand+Trivial (metades),5,40.04,1.7946287512779235,1.7724249362945557
Rand+Trivial (metades),6,41.86,1.7511362314224244,1.7284109592437744
Rand+Trivial (metades),7,43.1,1.6772051215171815,1.7657668590545654
Rand+Trivial (metades),8,43.56,1.6257481515407561,1.7411701679229736
Rand+Trivial (metades),9,42.14,1.58602534532547,1.776637077331543
Rand+Trivial (metades),10,44.12,1.5594837486743927,1.8662128448486328
Rand+Trivial (metades),11,45.43,1.5332325577735901,1.800611972808838
Rand+Trivial (metades),12,46.3,1.42952401638031,1.7270381450653076
Rand+Trivial (metades),13,47.72,1.4635826706886292,1.7475388050079346
Rand+Trivial (metades),14,47.03,1.3584351241588593,1.73785400390625
Rand+Trivial (metades),15,47.42,1.3314359486103058,1.7888579368591309
Rand+Trivial (metades),16,46.98,1.2636009961366654,1.8066401481628418
Rand+Trivial (metades),17,46.01,1.2420143902301788,1.7930588722229004
Rand+Trivial (metades),18,48.21,1.2524528801441193,2.0849969387054443
Rand+Trivial (metades),19,49.17,1.1928594589233399,1.7522268295288086
Rand+Trivial (metades),20,49.96,1.132508248090744,1.7812199592590332
Rand+Trivial (metades),21,50.42,1.0740559309720994,1.7864670753479004
Rand+Trivial (metades),22,49.34,1.041733705997467,2.7797141075134277
Rand+Trivial (metades),23,49.72,0.9952700108289718,1.810359001159668
Rand+Trivial (metades),24,47.85,1.0258018165826797,1.6971330642700195
Rand+Trivial (metades),25,49.79,1.0501830577850342,1.6970698833465576
Rand+Albument (metades),1,27.5,2.2232014298439027,2.426513910293579
Rand+Albument (metades),2,34.22,1.9863556742668151,1.7489161491394043
Rand+Albument (metades),3,36.66,1.8220743775367736,2.0323917865753174
Rand+Albument (metades),4,39.72,1.7615797758102416,1.7555160522460938
Rand+Albument (metades),5,41.33,1.690976881980896,1.6809160709381104
Rand+Albument (metades),6,42.28,1.6044556140899657,1.7445611953735352
Rand+Albument (metades),7,43.11,1.4966891646385192,1.7189462184906006
Rand+Albument (metades),8,46.95,1.432090437412262,1.7015721797943115
Rand+Albument (metades),9,44.65,1.362296038866043,1.6930620670318604
Rand+Albument (metades),10,47.05,1.279810094833374,1.6875061988830566
Rand+Albument (metades),11,48.38,1.252053302526474,1.6591808795928955
Rand+Albument (metades),12,46.28,1.187751144170761,1.9586338996887207
Rand+Albument (metades),13,48.91,1.195838099718094,1.7816858291625977
Rand+Albument (metades),14,48.4,1.0896596133708953,1.652904987335205
Rand+Albument (metades),15,49.19,1.106432059407234,1.6336607933044434
Rand+Albument (metades),16,49.0,1.0144537955522537,1.739339828491211
Rand+Albument (metades),17,50.24,0.9809008121490479,1.723653793334961
Rand+Albument (metades),18,50.3,0.9364317566156387,1.6635119915008545
Rand+Albument (metades),19,50.78,0.867247000336647,1.6602039337158203
Rand+Albument (metades),20,51.36,0.8725837260484696,1.6797161102294922
Rand+Albument (metades),21,51.79,0.8278882771730423,1.6789920330047607
Rand+Albument (metades),22,50.56,0.835185530781746,1.6561400890350342
Rand+Albument (metades),23,50.5,0.7935309469699859,2.83933424949646
Rand+Albument (metades),24,52.37,0.7332651153206825,1.7638678550720215
Rand+Albument (metades),25,50.24,0.6871158838272095,2.5438079833984375
Rand+AugMix (metades),1,24.98,2.1971249103546144,2.9449288845062256
Rand+AugMix (metades),2,32.97,1.9678097128868104,2.530488967895508
Rand+AugMix (metades),3,36.96,1.8318065881729126,2.295945882797241
Rand+AugMix (metades),4,40.65,1.714955073595047,2.2975878715515137
Rand+AugMix (metades),5,40.61,1.5984759092330934,2.269960880279541
Rand+AugMix (metades),6,44.46,1.5355703830718994,2.2213919162750244
Rand+AugMix (metades),7,43.0,1.452534979581833,2.401526927947998
Rand+AugMix (metades),8,45.17,1.366681969165802,2.3326330184936523
Rand+AugMix (metades),9,45.3,1.2738106846809387,2.1071698665618896
Rand+AugMix (metades),10,45.77,1.1722701638936996,2.210927963256836
Rand+AugMix (metades),11,45.19,1.1003841042518616,2.164486885070801
Rand+AugMix (metades),12,47.21,1.0637303560972213,2.1419460773468018
Rand+AugMix (metades),13,46.91,0.9908893078565597,2.094672918319702
Rand+AugMix (metades),14,46.95,0.9331513077020646,2.1737618446350098
Rand+AugMix (metades),15,46.98,0.8881955921649933,2.387277841567993
Rand+AugMix (metades),16,46.81,0.8438245624303817,2.011209011077881
Rand+AugMix (metades),17,45.93,0.7548009648919105,1.9764680862426758
Rand+AugMix (metades),18,48.38,0.7705766975879669,1.9540469646453857
Rand+AugMix (metades),19,47.78,0.7426301568746567,1.9963269233703613
Rand+AugMix (metades),20,47.71,0.662028694152832,1.9746379852294922
Rand+AugMix (metades),21,48.01,0.6277205690741539,2.0580649375915527
Rand+AugMix (metades),22,49.02,0.5935616046190262,1.9649772644042969
Rand+AugMix (metades),23,49.01,0.5467563331127167,1.992893934249878
Rand+AugMix (metades),24,47.08,0.49628935754299164,1.9651620388031006
Rand+AugMix (metades),25,47.31,0.48580377399921415,1.9841418266296387
Trivial+Albument (metades),1,27.35,2.2438868641853333,1.6157279014587402
Trivial+Albument (metades),2,33.62,2.0516295969486236,1.6038298606872559
Trivial+Albument (metades),3,36.55,1.9392178416252137,1.6510841846466064
Trivial+Albument (metades),4,39.58,1.8270925521850585,1.6325130462646484
Trivial+Albument (metades),5,41.38,1.7201457440853118,1.662539005279541
Trivial+Albument (metades),6,43.7,1.6456720530986786,2.0155739784240723
Trivial+Albument (metades),7,45.77,1.580852222442627,1.7718520164489746
Trivial+Albument (metades),8,45.3,1.5261476457118988,1.8926849365234375
Trivial+Albument (metades),9,47.43,1.5042001128196716,1.7734489440917969
Trivial+Albument (metades),10,46.64,1.4660205960273742,1.7075660228729248
Trivial+Albument (metades),11,43.16,1.3818356156349183,1.8445260524749756
Trivial+Albument (metades),12,47.6,1.4089951395988465,1.616084098815918
Trivial+Albument (metades),13,47.99,1.3334009945392609,1.6080129146575928
Trivial+Albument (metades),14,48.52,1.2639326274394989,1.6427278518676758
Trivial+Albument (metades),15,48.53,1.2364548981189727,1.750661849975586
Trivial+Albument (metades),16,48.0,1.2091716289520265,1.6627299785614014
Trivial+Albument (metades),17,49.97,1.158946120738983,1.6343591213226318
Trivial+Albument (metades),18,50.74,1.095252886414528,1.7706961631774902
Trivial+Albument (metades),19,50.39,1.0810854852199554,1.6488709449768066
Trivial+Albument (metades),20,50.12,1.0909166663885117,1.7534253597259521
Trivial+Albument (metades),21,50.43,1.0828864306211472,1.6856770515441895
Trivial+Albument (metades),22,50.98,1.0266092330217362,1.702881097793579
Trivial+Albument (metades),23,51.04,0.936737921833992,1.6972620487213135
Trivial+Albument (metades),24,51.59,0.9300082325935364,1.6305742263793945
Trivial+Albument (metades),25,51.72,0.8782975465059281,1.8132920265197754
Trivial+AugMix (metades),1,26.51,2.2219239115715026,2.0775811672210693
Trivial+AugMix (metades),2,29.91,2.0384919941425323,2.091454029083252
Trivial+AugMix (metades),3,33.68,1.9234126091003418,2.0093071460723877
Trivial+AugMix (metades),4,37.99,1.80861554145813,2.3062140941619873
Trivial+AugMix (metades),5,39.53,1.7344935655593872,2.065946102142334
Trivial+AugMix (metades),6,38.28,1.6411198556423188,2.2447359561920166
Trivial+AugMix (metades),7,42.33,1.5851510167121887,2.0089941024780273
Trivial+AugMix (metades),8,43.23,1.5196273982524873,2.0207831859588623
Trivial+AugMix (metades),9,44.9,1.425277829170227,2.0527360439300537
Trivial+AugMix (metades),10,45.39,1.334148681163788,2.5106542110443115
Trivial+AugMix (metades),11,45.65,1.2555794835090637,2.278870105743408
Trivial+AugMix (metades),12,44.58,1.2324108719825744,2.090895175933838
Trivial+AugMix (metades),13,46.75,1.0675575941801072,1.9774119853973389
Trivial+AugMix (metades),14,46.48,1.0480622857809068,2.0546000003814697
Trivial+AugMix (metades),15,46.26,1.0053498595952988,2.0837337970733643
Trivial+AugMix (metades),16,46.67,0.9462213844060898,2.1117961406707764
Trivial+AugMix (metades),17,45.62,0.9332443922758102,2.0114030838012695
Trivial+AugMix (metades),18,47.06,0.8622259646654129,2.385042905807495
Trivial+AugMix (metades),19,45.73,0.7894311785697937,2.1242570877075195
Trivial+AugMix (metades),20,46.95,0.7878176689147949,1.9577968120574951
Trivial+AugMix (metades),21,46.59,0.7700964599847794,2.0048770904541016
Trivial+AugMix (metades),22,47.97,0.752880597114563,1.96818208694458
Trivial+AugMix (metades),23,48.11,0.6821828365325928,1.9610588550567627
Trivial+AugMix (metades),24,46.19,0.6835253581404686,1.961543083190918
Trivial+AugMix (metades),25,47.07,0.6569181323051453,1.9802560806274414
Albument+AugMix (metades),1,28.3,2.1173127949237824,1.935854196548462
Albument+AugMix (metades),2,35.09,1.8702885866165162,2.032942056655884
Albument+AugMix (metades),3,37.47,1.7080553472042084,1.9226770401000977
Albument+AugMix (metades),4,41.21,1.5525313079357148,1.9247028827667236
Albument+AugMix (metades),5,43.17,1.4693865835666657,2.074328899383545
Albument+AugMix (metades),6,44.15,1.4363520443439484,2.0027098655700684
Albument+AugMix (metades),7,44.07,1.3160955727100372,1.9820690155029297
Albument+AugMix (metades),8,45.18,1.2495635628700257,2.030592918395996
Albument+AugMix (metades),9,47.2,1.199126023054123,1.9920132160186768
Albument+AugMix (metades),10,48.11,1.1008884221315385,2.133517026901245
Albument+AugMix (metades),11,46.24,1.0396561831235887,2.0033018589019775
Albument+AugMix (metades),12,45.65,0.9988675892353058,2.031466007232666
Albument+AugMix (metades),13,48.61,0.9203034937381744,2.1721138954162598
Albument+AugMix (metades),14,48.0,0.8255474150180817,2.0164568424224854
Albument+AugMix (metades),15,48.21,0.768824914097786,2.2154130935668945
Albument+AugMix (metades),16,48.8,0.7295545309782028,2.026580810546875
Albument+AugMix (metades),17,48.52,0.6583882838487625,2.3749289512634277
Albument+AugMix (metades),18,47.79,0.590302263200283,2.0018458366394043
Albument+AugMix (metades),19,48.05,0.6518953040242195,2.3277318477630615
Albument+AugMix (metades),20,49.15,0.581394249200821,2.1993460655212402
Albument+AugMix (metades),21,47.86,0.5309153124690056,1.947746992111206
Albument+AugMix (metades),22,48.21,0.4792035907506943,1.965334177017212
Albument+AugMix (metades),23,48.1,0.4697740480303764,2.0979251861572266
Albument+AugMix (metades),24,49.37,0.4882380932569504,2.1212618350982666
Albument+AugMix (metades),25,48.02,0.41742116063833234,2.1533429622650146
Rand->Trivial->Albument,1,21.58,2.2924951553344726,2.279958963394165
Rand->Trivial->Albument,2,25.27,2.2137111902236937,2.090251922607422
Rand->Trivial->Albument,3,30.39,2.1439088940620423,1.9431378841400146
Rand->Trivial->Albument,4,29.99,2.099283367395401,2.0032119750976562
Rand->Trivial->Albument,5,36.45,2.0836169600486754,1.9440770149230957
Rand->Trivial->Albument,6,38.47,2.046847516298294,1.8533518314361572
Rand->Trivial->Albument,7,35.65,1.9892110764980315,2.040515184402466
Rand->Trivial->Albument,8,41.15,1.981769061088562,1.9188511371612549
Rand->Trivial->Albument,9,40.38,1.9466917872428895,1.9841699600219727
Rand->Trivial->Albument,10,43.21,1.9427728235721589,1.9147090911865234
Rand->Trivial->Albument,11,44.21,1.9092662513256073,1.8655750751495361
Rand->Trivial->Albument,12,45.1,1.8826990604400635,2.07637095451355
Rand->Trivial->Albument,13,44.87,1.8336240112781526,1.909548044204712
Rand->Trivial->Albument,14,45.42,1.845759916305542,1.9008078575134277
Rand->Trivial->Albument,15,46.02,1.852874517440796,1.8531410694122314
Rand->Trivial->Albument,16,44.89,1.8211354970932008,1.8621339797973633
Rand->Trivial->Albument,17,46.89,1.8229404747486115,1.808670997619629
Rand->Trivial->Albument,18,47.23,1.7707237541675567,1.9161779880523682
Rand->Trivial->Albument,19,48.67,1.74654723405838,1.832000970840454
Rand->Trivial->Albument,20,48.37,1.7595845699310302,1.8823912143707275
Rand->Trivial->Albument,21,47.93,1.7301768600940703,1.864311933517456
Rand->Trivial->Albument,22,48.68,1.7561545193195343,1.8639097213745117
Rand->Trivial->Albument,23,49.96,1.7181281805038453,1.857875108718872
Rand->Trivial->Albument,24,47.91,1.7190272331237793,1.966127872467041
Rand->Trivial->Albument,25,48.5,1.740219122171402,1.852743148803711
Rand->Trivial->AugMix,1,18.07,2.2912957310676574,2.597555160522461
Rand->Trivial->AugMix,2,27.32,2.2349829196929933,2.5791409015655518
Rand->Trivial->AugMix,3,29.08,2.1915295362472533,2.786345958709717
Rand->Trivial->AugMix,4,30.2,2.1776413023471832,3.003941059112549
Rand->Trivial->AugMix,5,30.62,2.120065802335739,2.582984209060669
Rand->Trivial->AugMix,6,33.43,2.083383470773697,2.8088181018829346
Rand->Trivial->AugMix,7,34.55,2.065130299329758,2.5626468658447266
Rand->Trivial->AugMix,8,35.91,2.0101849913597105,2.6253979206085205
Rand->Trivial->AugMix,9,37.65,1.9996149063110351,2.6418471336364746
Rand->Trivial->AugMix,10,38.18,1.9765797793865203,2.607985019683838
Rand->Trivial->AugMix,11,38.3,1.9626670360565186,2.5699291229248047
Rand->Trivial->AugMix,12,40.51,1.9499656558036804,2.7098350524902344
Rand->Trivial->AugMix,13,41.36,1.9222811818122865,2.5359280109405518
Rand->Trivial->AugMix,14,42.6,1.9409606039524079,2.579235076904297
Rand->Trivial->AugMix,15,42.04,1.9089977204799653,2.653981924057007
Rand->Trivial->AugMix,16,41.77,1.852908617258072,2.6504597663879395
Rand->Trivial->AugMix,17,42.74,1.8422124922275542,2.764662027359009
Rand->Trivial->AugMix,18,42.21,1.8601256430149078,2.731624126434326
Rand->Trivial->AugMix,19,44.63,1.8438330590724945,2.9478509426116943
Rand->Trivial->AugMix,20,43.73,1.7922768533229827,2.7472620010375977
Rand->Trivial->AugMix,21,43.08,1.803024297952652,2.930691957473755
Rand->Trivial->AugMix,22,45.22,1.7645126581192017,2.749210834503174
Rand->Trivial->AugMix,23,43.35,1.7575528085231782,2.7460198402404785
Rand->Trivial->AugMix,24,43.46,1.76309432387352,3.1732940673828125
Rand->Trivial->AugMix,25,44.31,1.7190460503101348,2.8497800827026367
Rand->Albument->CutMix,1,16.02,2.311239850521088,2.187098264694214
Rand->Albument->CutMix,2,19.11,2.2868514180183412,1.8936400413513184
Rand->Albument->CutMix,3,26.3,2.2441221833229066,1.9549620151519775
Rand->Albument->CutMix,4,28.24,2.19043253660202,1.8324260711669922
Rand->Albument->CutMix,5,31.26,2.1710113883018494,1.8574001789093018
Rand->Albument->CutMix,6,33.86,2.1464762568473814,1.7717359066009521
Rand->Albument->CutMix,7,33.06,2.126155710220337,1.7745530605316162
Rand->Albument->CutMix,8,38.87,2.151295018196106,1.7537622451782227
Rand->Albument->CutMix,9,38.13,2.0395964980125427,1.7467529773712158
Rand->Albument->CutMix,10,38.76,2.103427344560623,1.762894868850708
Rand->Albument->CutMix,11,40.71,2.053046715259552,1.7267658710479736
Rand->Albument->CutMix,12,40.12,2.010570776462555,1.8024969100952148
Rand->Albument->CutMix,13,42.37,2.003315842151642,3.2418980598449707
Rand->Albument->CutMix,14,39.64,2.0439534723758697,2.0653817653656006
Rand->Albument->CutMix,15,38.38,2.0573897480964662,1.942331075668335
Rand->Albument->CutMix,16,41.95,2.025210976600647,2.011212110519409
Rand->Albument->CutMix,17,42.88,1.9828563928604126,2.071784019470215
Rand->Albument->CutMix,18,43.24,1.9654142260551453,2.170919895172119
Rand->Albument->CutMix,19,43.6,1.9656374990940093,1.7850699424743652
Rand->Albument->CutMix,20,44.09,2.011469441652298,1.8332068920135498
Rand->Albument->CutMix,21,43.82,1.9593220591545104,1.8687219619750977
Rand->Albument->CutMix,22,43.61,2.0023619771003722,1.9165608882904053
Rand->Albument->CutMix,23,42.78,1.9549229502677918,1.7518589496612549
Rand->Albument->CutMix,24,44.89,2.005701005458832,1.797530174255371
Rand->Albument->CutMix,25,44.89,1.929858684539795,1.9798760414123535
Rand->AugMix->CutMix,1,24.77,2.290681791305542,2.7202868461608887
Rand->AugMix->CutMix,2,24.96,2.2415090799331665,2.5357351303100586
Rand->AugMix->CutMix,3,31.92,2.1768081188201904,2.6480722427368164
Rand->AugMix->CutMix,4,31.85,2.1636419892311096,2.57877516746521
Rand->AugMix->CutMix,5,37.6,2.078815531730652,2.5736398696899414
Rand->AugMix->CutMix,6,37.82,2.0684796631336213,2.6231939792633057
Rand->AugMix->CutMix,7,39.09,2.050054353475571,2.5073130130767822
Rand->AugMix->CutMix,8,38.74,2.0504163563251496,2.4947831630706787
Rand->AugMix->CutMix,9,41.76,2.0311887502670287,2.4757299423217773
Rand->AugMix->CutMix,10,40.39,2.012405264377594,2.4442708492279053
Rand->AugMix->CutMix,11,40.17,1.9736097157001495,2.4834821224212646
Rand->AugMix->CutMix,12,42.0,2.009033572673798,2.523447036743164
Rand->AugMix->CutMix,13,43.23,1.9566986620426179,2.4634671211242676
Rand->AugMix->CutMix,14,44.18,1.9214352428913117,2.509251117706299
Rand->AugMix->CutMix,15,44.59,1.961899036169052,2.5104570388793945
Rand->AugMix->CutMix,16,45.44,1.9780686020851135,2.660831928253174
Rand->AugMix->CutMix,17,45.21,1.9020002961158753,2.7655680179595947
Rand->AugMix->CutMix,18,40.98,1.9335526466369628,2.725282907485962
Rand->AugMix->CutMix,19,45.39,1.8915281355381013,2.782456874847412
Rand->AugMix->CutMix,20,46.19,1.849390262365341,2.897594928741455
Rand->AugMix->CutMix,21,46.63,1.915153408050537,2.940110206604004
Rand->AugMix->CutMix,22,46.69,1.8858028113842011,3.6138150691986084
Rand->AugMix->CutMix,23,46.98,1.8304436147212981,2.66481614112854
Rand->AugMix->CutMix,24,48.13,1.8671170115470885,2.878558874130249
Rand->AugMix->CutMix,25,46.15,1.83074551820755,2.639683961868286
Trivial->Rand->Albument,1,23.82,2.285569953918457,1.956009864807129
Trivial->Rand->Albument,2,24.95,2.221034526824951,1.91770601272583
Trivial->Rand->Albument,3,28.74,2.1916977524757386,1.8627479076385498
Trivial->Rand->Albument,4,27.96,2.141941285133362,1.9874780178070068
Trivial->Rand->Albument,5,35.22,2.075241005420685,1.9915640354156494
Trivial->Rand->Albument,6,37.04,2.0481446385383606,1.8917090892791748
Trivial->Rand->Albument,7,37.59,1.9885045051574708,1.8521533012390137
Trivial->Rand->Albument,8,39.56,1.9619009494781494,2.0892601013183594
Trivial->Rand->Albument,9,39.2,1.9397261261940002,1.994279146194458
Trivial->Rand->Albument,10,42.21,1.9446936070919036,2.0808260440826416
Trivial->Rand->Albument,11,40.76,1.9389267444610596,1.924787998199463
Trivial->Rand->Albument,12,40.94,1.9394104957580567,2.1055550575256348
Trivial->Rand->Albument,13,41.66,1.8586819112300872,1.9209909439086914
Trivial->Rand->Albument,14,43.69,1.8612105071544647,2.107161045074463
Trivial->Rand->Albument,15,45.75,1.859294444322586,1.9232850074768066
Trivial->Rand->Albument,16,44.51,1.8526410341262818,1.9634101390838623
Trivial->Rand->Albument,17,44.86,1.8779115498065948,1.9508049488067627
Trivial->Rand->Albument,18,46.12,1.8005647778511047,1.9213948249816895
Trivial->Rand->Albument,19,45.23,1.8283083021640778,1.8391602039337158
Trivial->Rand->Albument,20,46.67,1.766810989379883,1.8554718494415283
Trivial->Rand->Albument,21,46.46,1.7660222709178925,1.8457858562469482
Trivial->Rand->Albument,22,47.72,1.7692160129547119,1.8594391345977783
Trivial->Rand->Albument,23,48.4,1.7569172263145447,1.8285140991210938
Trivial->Rand->Albument,24,47.56,1.7583663821220399,1.9108850955963135
Trivial->Rand->Albument,25,48.99,1.7345925152301789,1.8675117492675781
Trivial->Rand->AugMix,1,23.1,2.2880630254745484,2.886650800704956
Trivial->Rand->AugMix,2,29.11,2.2055750489234924,2.775207042694092
Trivial->Rand->AugMix,3,31.81,2.185507392883301,3.037750005722046
Trivial->Rand->AugMix,4,33.42,2.1059048593044283,2.8516128063201904
Trivial->Rand->AugMix,5,37.41,2.0905492544174193,2.813997983932495
Trivial->Rand->AugMix,6,36.62,2.027292621135712,2.8056907653808594
Trivial->Rand->AugMix,7,37.88,2.0301812171936033,3.5485782623291016
Trivial->Rand->AugMix,8,38.77,2.0047302544116974,2.8618338108062744
Trivial->Rand->AugMix,9,36.95,1.9478120386600495,2.883352041244507
Trivial->Rand->AugMix,10,40.97,1.9594923973083496,3.484922170639038
Trivial->Rand->AugMix,11,39.51,1.9769829273223878,2.988858699798584
Trivial->Rand->AugMix,12,42.21,1.8945771038532258,2.810987949371338
Trivial->Rand->AugMix,13,43.1,1.8551548540592193,2.9390981197357178
Trivial->Rand->AugMix,14,43.33,1.8553868114948273,2.9845869541168213
Trivial->Rand->AugMix,15,41.07,1.8727432906627655,2.95780611038208
Trivial->Rand->AugMix,16,45.35,1.817510324716568,3.029323101043701
Trivial->Rand->AugMix,17,44.39,1.8093770384788512,2.9877512454986572
Trivial->Rand->AugMix,18,44.01,1.7705318450927734,3.2169859409332275
Trivial->Rand->AugMix,19,42.94,1.7643387973308564,2.7294888496398926
Trivial->Rand->AugMix,20,46.18,1.7657152175903321,3.3531992435455322
Trivial->Rand->AugMix,21,45.92,1.7149687170982362,3.003735065460205
Trivial->Rand->AugMix,22,44.07,1.6919044613838197,2.8810269832611084
Trivial->Rand->AugMix,23,45.97,1.722432154417038,3.1425321102142334
Trivial->Rand->AugMix,24,46.47,1.780848777294159,3.188110113143921
Trivial->Rand->AugMix,25,46.72,1.6574152052402495,2.8570592403411865
Trivial->Albument->CutMix,1,17.31,2.3030961632728575,1.9057729244232178
Trivial->Albument->CutMix,2,22.33,2.239058291912079,2.087890863418579
Trivial->Albument->CutMix,3,26.81,2.2167974948883056,1.9300918579101562
Trivial->Albument->CutMix,4,29.62,2.209387469291687,1.86934494972229
Trivial->Albument->CutMix,5,30.16,2.191637027263641,1.7785921096801758
Trivial->Albument->CutMix,6,31.34,2.1774514436721804,1.829876184463501
Trivial->Albument->CutMix,7,36.03,2.1727954745292664,1.8220539093017578
Trivial->Albument->CutMix,8,36.46,2.1740701675415037,1.8955857753753662
Trivial->Albument->CutMix,9,34.31,2.10337238907814,1.9736120700836182
Trivial->Albument->CutMix,10,38.52,2.113581532239914,1.8395469188690186
Trivial->Albument->CutMix,11,36.64,2.112907314300537,1.826974868774414
Trivial->Albument->CutMix,12,37.9,2.099669259786606,1.732254981994629
Trivial->Albument->CutMix,13,37.61,2.1091010868549347,1.7335317134857178
Trivial->Albument->CutMix,14,37.88,2.0661010324954985,2.160165786743164
Trivial->Albument->CutMix,15,40.07,2.016451042890549,2.2248597145080566
Trivial->Albument->CutMix,16,39.03,2.048570030927658,1.744307041168213
Trivial->Albument->CutMix,17,40.61,2.057741165161133,1.828700065612793
Trivial->Albument->CutMix,18,42.14,2.066129004955292,2.091295003890991
Trivial->Albument->CutMix,19,40.55,2.044017678499222,1.7475090026855469
Trivial->Albument->CutMix,20,42.82,2.0947021782398223,1.7261569499969482
Trivial->Albument->CutMix,21,42.28,2.0503729581832886,1.8895680904388428
Trivial->Albument->CutMix,22,40.97,2.069623827934265,1.7265291213989258
Trivial->Albument->CutMix,23,41.64,2.0882525503635407,1.7243940830230713
Trivial->Albument->CutMix,24,43.24,2.0208373069763184,2.009092092514038
Trivial->Albument->CutMix,25,43.81,1.9875787675380707,1.7601590156555176
Trivial->AugMix->CutMix,1,20.85,2.301693308353424,3.1478610038757324
Trivial->AugMix->CutMix,2,23.55,2.220761555433273,2.892284870147705
Trivial->AugMix->CutMix,3,29.15,2.1872595310211183,2.6393840312957764
Trivial->AugMix->CutMix,4,33.93,2.1664284467697144,2.5385348796844482
Trivial->AugMix->CutMix,5,34.77,2.1602853417396544,2.6520519256591797
Trivial->AugMix->CutMix,6,36.8,2.140401130914688,2.652545928955078
Trivial->AugMix->CutMix,7,36.27,2.123769986629486,3.046405076980591
Trivial->AugMix->CutMix,8,36.1,2.102962237596512,2.632366895675659
Trivial->AugMix->CutMix,9,38.58,2.1213634073734284,2.823422908782959
Trivial->AugMix->CutMix,10,39.23,2.101622772216797,2.634459972381592
Trivial->AugMix->CutMix,11,40.23,2.070427453517914,2.5782008171081543
Trivial->AugMix->CutMix,12,38.18,2.077220582962036,2.5200650691986084
Trivial->AugMix->CutMix,13,41.17,2.0759083569049834,2.568791151046753
Trivial->AugMix->CutMix,14,41.09,2.0550902485847473,2.773282051086426
Trivial->AugMix->CutMix,15,40.64,2.051528716087341,3.121782064437866
Trivial->AugMix->CutMix,16,41.57,2.0425728857517242,2.5640921592712402
Trivial->AugMix->CutMix,17,42.04,2.0401580333709717,2.6788058280944824
Trivial->AugMix->CutMix,18,42.74,2.017269825935364,2.680609941482544
Trivial->AugMix->CutMix,19,43.04,2.0407645881175993,2.647946834564209
Trivial->AugMix->CutMix,20,42.39,2.0394554257392885,2.963887929916382
Trivial->AugMix->CutMix,21,43.82,1.9910767793655395,2.5638818740844727
Trivial->AugMix->CutMix,22,44.09,2.0305925846099853,2.988373041152954
Trivial->AugMix->CutMix,23,43.52,1.9705944001674651,2.4810471534729004
Trivial->AugMix->CutMix,24,43.72,2.014773780107498,2.6063950061798096
Trivial->AugMix->CutMix,25,44.63,1.9191738188266754,2.83203387260437
Rand+Trivial+Albument (teros),1,28.37,2.2308360815048216,1.6822247505187988
Rand+Trivial+Albument (teros),2,31.0,2.0940403282642364,1.709728717803955
Rand+Trivial+Albument (teros),3,34.82,1.9795709192752837,1.9660770893096924
Rand+Trivial+Albument (teros),4,38.77,1.8820571660995484,1.6704702377319336
Rand+Trivial+Albument (teros),5,37.92,1.7849777460098266,1.734879970550537
Rand+Trivial+Albument (teros),6,40.16,1.7351399302482604,1.7258758544921875
Rand+Trivial+Albument (teros),7,42.48,1.6346591472625733,1.6941120624542236
Rand+Trivial+Albument (teros),8,42.9,1.5895754277706147,1.8197898864746094
Rand+Trivial+Albument (teros),9,45.21,1.5151733934879303,1.6978366374969482
Rand+Trivial+Albument (teros),10,45.8,1.4821163833141326,1.7022209167480469
Rand+Trivial+Albument (teros),11,45.03,1.4243060886859893,1.6468980312347412
Rand+Trivial+Albument (teros),12,46.83,1.4058431804180145,1.688018798828125
Rand+Trivial+Albument (teros),13,47.38,1.3148968398571015,1.646394968032837
Rand+Trivial+Albument (teros),14,47.42,1.3088352739810944,1.6428918838500977
Rand+Trivial+Albument (teros),15,46.82,1.2480350255966186,1.6663801670074463
Rand+Trivial+Albument (teros),16,46.48,1.1686969965696334,1.8154761791229248
Rand+Trivial+Albument (teros),17,48.16,1.1625321984291077,1.8956429958343506
Rand+Trivial+Albument (teros),18,48.23,1.143848940730095,1.8431799411773682
Rand+Trivial+Albument (teros),19,47.34,1.0698374032974243,1.6989319324493408
Rand+Trivial+Albument (teros),20,48.7,1.0873613446950912,1.828563928604126
Rand+Trivial+Albument (teros),21,48.87,1.0485441625118255,1.7797608375549316
Rand+Trivial+Albument (teros),22,50.23,0.9980351120233536,1.7423880100250244
Rand+Trivial+Albument (teros),23,49.88,0.9750573426485062,1.9053528308868408
Rand+Trivial+Albument (teros),24,49.46,0.9422080934047699,3.5639312267303467
Rand+Trivial+Albument (teros),25,50.01,0.9592718660831452,2.1270430088043213
Rand+Trivial+AugMix (teros),1,30.33,2.1930751264095307,2.4793379306793213
Rand+Trivial+AugMix (teros),2,33.71,2.000869405269623,2.2121877670288086
Rand+Trivial+AugMix (teros),3,35.57,1.911501258611679,2.0138797760009766
Rand+Trivial+AugMix (teros),4,39.68,1.8025648295879364,2.007964849472046
Rand+Trivial+AugMix (teros),5,40.25,1.6964224040508271,2.0119428634643555
Rand+Trivial+AugMix (teros),6,42.32,1.641337162256241,2.232806921005249
Rand+Trivial+AugMix (teros),7,41.81,1.5895332276821137,2.1161880493164062
Rand+Trivial+AugMix (teros),8,44.09,1.4775891959667207,2.102552890777588
Rand+Trivial+AugMix (teros),9,46.06,1.3876802623271942,2.3426921367645264
Rand+Trivial+AugMix (teros),10,44.4,1.3352318346500396,1.9804959297180176
Rand+Trivial+AugMix (teros),11,46.03,1.2760301649570465,2.0873050689697266
Rand+Trivial+AugMix (teros),12,46.11,1.2845416843891144,1.9883928298950195
Rand+Trivial+AugMix (teros),13,47.91,1.172144427895546,2.1970529556274414
Rand+Trivial+AugMix (teros),14,47.25,1.1800251662731172,2.1557178497314453
Rand+Trivial+AugMix (teros),15,46.0,1.092620876431465,2.0935757160186768
Rand+Trivial+AugMix (teros),16,47.08,1.0516723275184632,1.9974184036254883
Rand+Trivial+AugMix (teros),17,46.66,0.9921805739402771,2.14088773727417
Rand+Trivial+AugMix (teros),18,48.99,0.9748474836349488,2.2847020626068115
Rand+Trivial+AugMix (teros),19,48.39,0.904188922047615,2.499406099319458
Rand+Trivial+AugMix (teros),20,49.16,0.8848661839962005,2.1519641876220703
Rand+Trivial+AugMix (teros),21,49.08,0.8598258465528488,2.295646905899048
Rand+Trivial+AugMix (teros),22,48.96,0.7951933294534683,2.365084171295166
Rand+Trivial+AugMix (teros),23,49.13,0.7706252723932266,2.2039132118225098
Rand+Trivial+AugMix (teros),24,49.88,0.6999562337994576,2.2033040523529053
Rand+Trivial+AugMix (teros),25,48.71,0.7321058601140976,2.2197377681732178
Rand+Albument+AugMix (teros),1,29.62,2.173556333780289,2.32076096534729
Rand+Albument+AugMix (teros),2,34.29,1.9503280699253083,2.0809171199798584
Rand+Albument+AugMix (teros),3,38.69,1.7942218005657196,2.3647782802581787
Rand+Albument+AugMix (teros),4,38.76,1.6796890318393707,2.1543078422546387
Rand+Albument+AugMix (teros),5,40.65,1.6060124635696411,2.1277551651000977
Rand+Albument+AugMix (teros),6,42.24,1.5274000883102417,1.9831490516662598
Rand+Albument+AugMix (teros),7,44.54,1.4251549959182739,1.9820916652679443
Rand+Albument+AugMix (teros),8,45.15,1.346124404668808,2.2709672451019287
Rand+Albument+AugMix (teros),9,46.13,1.2887030780315398,2.1458816528320312
Rand+Albument+AugMix (teros),10,45.81,1.2689342617988586,2.929212808609009
Rand+Albument+AugMix (teros),11,47.54,1.194775754213333,2.010183811187744
Rand+Albument+AugMix (teros),12,46.93,1.084971609711647,3.4792850017547607
Rand+Albument+AugMix (teros),13,48.52,1.0455865919589997,2.006906747817993
Rand+Albument+AugMix (teros),14,47.84,0.9404370099306106,1.995915174484253
Rand+Albument+AugMix (teros),15,48.06,0.9173818409442902,1.9537737369537354
Rand+Albument+AugMix (teros),16,48.61,0.8777812927961349,2.1126110553741455
Rand+Albument+AugMix (teros),17,48.08,0.7831455200910569,2.2662529945373535
Rand+Albument+AugMix (teros),18,49.18,0.7679153859615326,2.085655927658081
Rand+Albument+AugMix (teros),19,48.42,0.7062429785728455,1.9563121795654297
Rand+Albument+AugMix (teros),20,48.31,0.7281247407197953,1.9859387874603271
Rand+Albument+AugMix (teros),21,48.8,0.622380006313324,1.9548602104187012
Rand+Albument+AugMix (teros),22,49.05,0.6612903594970703,1.942417860031128
Rand+Albument+AugMix (teros),23,48.62,0.6228195875883102,2.020205020904541
Rand+Albument+AugMix (teros),24,49.28,0.5788125798106194,1.9677889347076416
Rand+Albument+AugMix (teros),25,49.67,0.5456554785370826,1.9585731029510498
Trivial+Albument+AugMix (teros),1,27.2,2.234407663345337,1.9540259838104248
Trivial+Albument+AugMix (teros),2,34.99,1.9749219954013824,1.9451942443847656
Trivial+Albument+AugMix (teros),3,38.83,1.792961585521698,1.986894130706787
Trivial+Albument+AugMix (teros),4,41.37,1.6879306733608246,1.9465138912200928
Trivial+Albument+AugMix (teros),5,42.18,1.5978818893432618,1.954174280166626
Trivial+Albument+AugMix (teros),6,43.93,1.5289849638938904,2.243011236190796
Trivial+Albument+AugMix (teros),7,45.33,1.4793547868728638,2.054888963699341
Trivial+Albument+AugMix (teros),8,46.19,1.4291229248046875,1.9298028945922852
Trivial+Albument+AugMix (teros),9,44.7,1.32242294549942,1.9443845748901367
Trivial+Albument+AugMix (teros),10,47.3,1.3283515274524689,1.980849027633667
Trivial+Albument+AugMix (teros),11,48.06,1.230219429731369,1.9126098155975342
Trivial+Albument+AugMix (teros),12,47.2,1.1373015612363815,1.9568850994110107
Trivial+Albument+AugMix (teros),13,47.0,1.086443582177162,1.9369170665740967
Trivial+Albument+AugMix (teros),14,48.1,1.050064319372177,1.9838299751281738
Trivial+Albument+AugMix (teros),15,48.58,0.9914555311203003,1.9467778205871582
Trivial+Albument+AugMix (teros),16,49.11,0.9474893122911453,2.127608060836792
Trivial+Albument+AugMix (teros),17,49.57,0.9242066532373429,2.0272140502929688
Trivial+Albument+AugMix (teros),18,49.11,0.9039732158184052,1.980215072631836
Trivial+Albument+AugMix (teros),19,48.55,0.8613159090280533,1.980346918106079
Trivial+Albument+AugMix (teros),20,48.45,0.8553583711385727,1.954468011856079
Trivial+Albument+AugMix (teros),21,47.56,0.7807735085487366,1.937037706375122
Trivial+Albument+AugMix (teros),22,50.9,0.7673079714179039,1.9601271152496338
Trivial+Albument+AugMix (teros),23,49.58,0.7370115548372269,1.9474749565124512
Trivial+Albument+AugMix (teros),24,49.72,0.7065432339906692,1.9736900329589844
Trivial+Albument+AugMix (teros),25,48.93,0.6867286339402199,1.9406661987304688
